{"fraction": [0.0, 0.1, 0.2, 0.30000000000000004, 0.4, 0.5, 0.6000000000000001, 0.7000000000000001, 0.8, 0.9], "accuracy": [0.6236000061035156, 0.6236000061035156, 0.6241999864578247, 0.6092000007629395, 0.5046999454498291, 0.41819995641708374, 0.3423999845981598, 0.2918999493122101, 0.2037999927997589, 0.16670000553131104]}