{"fraction": [0.0, 0.1, 0.2, 0.30000000000000004, 0.4, 0.5, 0.6000000000000001, 0.7000000000000001, 0.8, 0.9], "accuracy": [0.6236000061035156, 0.6236000061035156, 0.6236000061035156, 0.6236000061035156, 0.6236000061035156, 0.6236000061035156, 0.6236000061035156, 0.6233000159263611, 0.6252999305725098, 0.6217000484466553]}