{"fraction": [0.0, 0.1, 0.2, 0.30000000000000004, 0.4, 0.5, 0.6000000000000001, 0.7000000000000001, 0.8, 0.9], "accuracy": [0.6236000061035156, 0.6234999895095825, 0.6236000061035156, 0.6234999895095825, 0.6234999895095825, 0.6236000061035156, 0.6236000061035156, 0.6236000061035156, 0.6236999034881592, 0.6233999729156494]}