{"fraction": [0.0, 0.1, 0.2, 0.30000000000000004, 0.4, 0.5, 0.6000000000000001, 0.7000000000000001, 0.8, 0.9], "latency": [0.6367830801010131, 0.4307758569717407, 0.43651547431945803, 0.46411226272583006, 0.4291482257843018, 0.4298186683654785, 0.4327385854721069, 0.43843066215515136, 0.43246123790740965, 0.43041218757629396]}