{"fraction": [0.0, 0.1, 0.2, 0.30000000000000004, 0.4, 0.5, 0.6000000000000001, 0.7000000000000001, 0.8, 0.9], "latency": [0.6399364614486694, 0.43560597419738767, 0.43084666728973386, 0.46841453075408934, 0.438057541847229, 0.44233718395233157, 0.4406626272201538, 0.4394407033920288, 0.4760429763793945, 0.4377534675598145]}