{"fraction": [0.0, 0.1, 0.2, 0.30000000000000004, 0.4, 0.5, 0.6000000000000001, 0.7000000000000001, 0.8, 0.9], "latency": [0.6406503200531006, 0.45476612091064456, 0.447672004699707, 0.4373438024520874, 0.4322323989868164, 0.43327274799346926, 0.4383357000350952, 0.43728858947753907, 0.4682422351837158, 0.43334599018096925]}